upper_force,lower_force,displacement,velocity,temp_1,temp_2,temp_3,temp_4,temp_5,stroke_length,dwell_time,forming_energy,quality
235.75,172.35,27.33,59.09,75.62,106.49,90.92,89.7,83.11,31.17,2.98,146.76,0
183.55,137.18,18.5,47.0,89.23,112.47,69.29,100.42,85.13,27.59,1.54,174.9,0
312.06,163.69,32.11,32.55,103.61,97.41,101.52,102.96,110.27,37.04,3.2,163.85,1
166.58,135.84,13.44,69.37,95.03,87.61,68.93,89.12,85.8,35.84,2.82,154.6,0
155.78,135.84,12.23,72.9,118.42,104.06,115.61,100.03,75.92,32.74,2.16,164.68,0
238.88,163.93,27.14,54.14,120.52,106.5,110.49,92.4,79.34,38.07,2.62,148.96,0
175.54,152.64,19.57,53.62,101.03,91.81,80.45,99.36,73.63,33.92,1.7,134.09,0
193.35,145.73,38.63,28.31,103.86,84.23,91.57,85.02,93.75,31.45,2.0,145.23,0
207.76,155.62,30.33,82.11,92.22,82.52,75.76,93.52,92.21,38.38,1.82,165.56,0
216.45,140.97,8.31,63.0,91.19,108.35,68.95,81.08,74.13,38.99,3.21,144.01,0
201.41,188.19,27.01,47.41,95.78,98.7,85.46,66.91,80.56,33.97,2.58,133.4,0
274.56,161.14,25.01,74.36,107.65,88.8,90.22,81.87,82.68,34.88,2.32,131.48,0
195.49,144.34,28.79,43.31,101.42,88.65,94.37,65.91,71.0,32.33,2.32,175.9,0
303.57,169.35,29.08,16.61,130.56,118.28,102.95,118.36,78.27,51.07,1.74,175.65,1
160.02,131.09,29.53,45.08,87.08,82.91,86.12,92.04,87.02,35.74,2.63,163.02,0
163.48,177.03,26.05,75.27,96.48,78.4,79.34,57.26,70.86,39.71,2.43,152.56,0
210.08,137.98,30.63,51.99,101.31,85.93,111.36,86.22,76.05,27.46,2.78,126.04,0
195.49,155.08,21.25,52.15,79.01,81.36,86.32,62.54,90.22,37.4,2.45,108.82,0
237.59,212.33,36.42,47.31,91.5,75.92,92.57,97.37,72.1,28.14,2.74,143.66,0
204.48,138.84,20.13,57.7,109.4,80.71,81.32,75.85,75.34,45.26,2.81,148.08,0
191.08,156.7,19.66,41.96,84.9,106.81,119.35,93.74,80.59,44.04,3.43,142.0,0
230.62,162.67,28.71,67.37,139.89,110.04,97.11,117.38,117.42,48.98,3.62,179.9,1
278.72,188.54,35.2,-9.45,126.14,107.97,95.48,97.08,106.55,50.91,3.08,218.17,1
273.81,151.01,35.34,49.67,120.81,149.12,103.68,85.09,90.35,36.63,3.85,226.69,1
237.49,145.5,24.08,43.81,79.82,87.7,96.33,94.65,78.87,45.19,3.1,161.45,0
251.6,117.84,12.72,24.27,121.1,125.28,130.98,100.14,96.02,38.78,2.11,153.19,1
185.09,184.66,29.08,99.03,120.86,96.36,86.24,84.63,76.33,42.87,3.34,142.37,0
174.89,193.89,30.78,75.45,110.26,93.02,96.67,98.66,81.14,38.66,2.91,129.6,0
266.28,221.9,22.12,10.35,146.32,99.17,95.83,77.25,100.9,31.29,2.69,199.17,1
217.78,138.04,33.38,78.1,87.45,116.58,96.04,73.87,85.88,36.47,1.24,172.41,0
268.06,184.35,31.48,23.34,119.34,105.41,110.22,82.4,105.84,24.88,3.7,228.03,1
175.15,137.81,19.79,51.1,68.14,92.75,75.25,73.29,96.8,28.38,1.85,143.97,0
212.24,205.34,36.26,59.62,85.28,92.1,89.98,76.78,102.59,38.13,2.32,170.91,0
235.15,118.18,35.99,71.78,76.29,104.71,100.74,69.14,80.67,30.07,2.33,136.16,0
209.66,197.73,35.56,50.06,105.41,98.96,89.33,75.9,81.91,36.19,2.61,193.13,0
157.29,154.22,33.3,58.31,100.52,87.44,69.75,96.78,69.2,38.28,2.92,136.94,0
231.96,166.91,13.02,79.28,103.28,83.89,84.73,98.89,77.45,30.57,2.35,141.93,0
142.65,109.5,19.73,65.75,97.76,65.09,82.63,75.6,95.29,34.9,2.57,168.32,0
219.0,152.42,23.36,60.74,102.22,97.41,80.35,82.0,75.37,28.52,2.95,150.04,0
158.85,146.35,29.83,54.7,112.87,91.01,90.32,81.89,87.41,34.01,2.51,163.54,0
226.63,189.71,26.54,62.57,101.64,120.72,87.8,68.94,81.46,39.36,3.11,133.72,0
230.21,132.61,29.99,48.31,128.48,95.63,94.14,75.22,86.83,41.42,1.89,186.11,0
186.62,200.88,28.49,75.68,106.25,71.44,81.46,93.91,78.5,29.59,1.42,126.02,0
146.28,154.98,24.73,50.66,90.2,115.26,107.42,106.83,72.3,42.69,3.68,167.63,1
269.11,144.81,12.07,35.48,94.85,92.79,98.2,93.63,75.37,25.05,1.62,164.3,0
182.42,158.3,19.09,43.42,94.98,71.7,107.51,92.76,80.64,44.48,2.49,138.51,0
222.98,160.35,16.03,53.54,86.94,98.22,101.55,90.2,78.44,33.62,2.3,163.71,0
165.71,166.09,37.74,48.81,97.93,80.12,83.64,72.14,90.64,38.07,2.03,161.68,0
180.97,162.1,17.4,62.56,78.01,103.9,102.31,89.08,73.16,41.21,2.09,147.92,0
228.86,185.54,23.93,12.5,86.74,81.44,89.43,85.54,86.45,35.72,2.52,156.43,0
202.93,164.8,20.82,66.0,87.09,87.57,103.09,80.01,68.77,35.09,3.14,139.8,0
188.52,143.65,15.04,37.18,117.71,80.82,77.46,87.17,78.38,37.23,1.87,125.46,0
210.16,120.86,-0.36,32.76,89.73,95.35,72.3,92.64,71.9,39.72,2.78,181.82,0
206.16,183.86,26.28,42.0,130.42,89.94,91.36,102.69,72.41,37.85,3.19,182.14,1
239.59,249.5,52.37,57.38,92.97,123.97,81.95,101.39,61.27,42.36,2.79,152.9,1
192.12,188.74,15.42,51.59,112.94,94.74,75.39,76.98,82.11,36.04,1.94,175.39,0
163.15,120.05,29.96,56.71,94.74,112.71,100.83,97.74,75.97,32.77,2.44,118.51,0
204.35,152.83,23.64,51.69,91.82,110.29,90.55,69.43,97.27,38.79,2.57,138.52,0
209.23,172.61,30.35,68.66,102.64,95.91,85.45,90.74,68.12,35.12,3.33,145.01,0
224.7,149.24,22.76,21.98,85.3,101.05,98.53,71.52,77.18,36.16,1.59,138.78,0
175.67,147.9,17.06,64.0,108.56,87.87,81.63,79.0,70.76,39.63,1.94,137.48,0
170.15,126.04,29.06,62.13,66.65,100.27,83.13,102.65,76.76,37.68,2.52,161.12,0
221.32,131.68,32.76,61.76,87.44,103.35,80.61,83.98,70.56,29.37,2.23,133.82,0
211.29,138.25,27.33,48.32,125.83,150.44,119.26,119.09,83.17,36.49,2.73,197.64,1
241.87,110.06,32.59,41.43,133.39,117.19,117.5,116.6,113.5,30.33,2.37,181.39,1
196.29,152.57,23.47,51.63,99.32,80.49,80.9,87.42,68.67,36.98,1.64,134.0,0
274.33,208.65,14.31,16.84,138.49,143.34,136.47,91.88,78.06,29.86,2.29,146.75,1
260.05,169.05,45.76,49.48,104.63,91.34,132.48,114.24,97.21,34.56,2.32,176.35,1
187.07,167.67,23.97,51.15,107.75,91.22,75.19,74.82,72.78,40.82,2.56,151.05,0
198.08,133.54,29.7,50.1,117.29,108.44,100.5,96.89,88.85,41.37,2.97,200.61,0
167.08,172.18,14.68,45.57,123.86,85.86,97.66,96.77,89.23,40.11,3.0,142.05,0
161.9,193.78,12.64,52.24,118.83,84.28,74.32,67.82,81.15,34.2,2.42,124.82,0
185.86,137.55,24.82,25.64,105.25,100.49,85.97,90.43,81.92,39.42,3.14,126.34,0
182.09,168.08,31.46,71.78,105.12,91.76,80.21,99.36,93.97,34.83,2.97,140.31,0
190.39,188.61,22.83,70.35,89.1,79.25,88.84,83.4,87.74,33.45,2.7,123.77,0
271.83,166.25,9.82,22.01,124.28,131.92,99.9,103.26,85.71,44.89,1.78,158.81,1
209.05,173.52,25.03,25.49,85.03,90.82,77.28,63.47,70.74,42.58,2.23,149.64,0
201.04,171.83,19.5,44.51,109.69,85.81,103.49,92.53,76.68,34.53,3.52,140.99,0
244.95,152.64,17.52,27.91,128.61,110.12,118.07,90.11,95.0,22.26,4.16,135.66,1
174.1,158.67,30.67,72.51,107.21,81.81,100.85,95.32,87.37,38.1,3.07,108.56,0
189.03,143.33,20.85,60.13,112.77,82.69,84.43,88.42,82.87,27.89,1.74,143.1,0
138.05,172.41,30.83,34.78,135.07,85.88,95.48,89.1,78.23,34.5,2.17,196.11,0
300.61,195.78,20.96,28.28,131.82,118.6,111.81,128.51,86.73,43.66,3.55,89.44,1
205.17,126.67,38.09,58.88,118.28,110.47,89.36,93.44,67.84,35.51,2.94,140.07,0
194.52,142.2,35.18,38.9,79.66,97.23,76.95,67.62,71.86,33.27,2.7,164.8,0
232.46,150.29,21.23,54.38,71.43,102.71,98.22,88.39,85.96,32.04,2.44,132.14,0
146.41,165.27,-0.41,42.23,93.7,103.2,125.29,82.52,86.44,32.11,1.53,174.65,0
209.49,149.77,30.48,36.37,100.56,85.23,80.02,79.41,77.7,36.66,2.05,152.06,0
189.52,181.25,19.74,66.3,120.66,98.04,70.65,103.52,86.33,37.55,2.05,147.64,0
137.73,144.25,9.71,55.93,96.58,100.9,71.61,84.05,78.62,30.59,1.76,158.15,0
204.78,131.16,23.87,32.31,86.6,105.82,89.48,83.2,80.48,35.91,2.65,162.71,0
171.24,221.8,26.68,65.36,113.78,133.76,120.41,99.4,109.97,25.22,3.86,172.64,1
153.72,173.16,16.7,52.37,105.08,106.61,105.39,89.75,82.88,35.51,2.78,152.29,0
204.2,137.48,28.58,80.57,85.02,80.32,74.29,88.63,79.17,31.05,2.24,129.47,0
214.63,177.9,28.8,47.15,133.47,89.2,87.02,89.51,70.58,37.16,2.72,121.87,0
195.5,100.71,30.16,56.61,87.81,99.83,89.65,95.58,75.05,33.08,2.79,162.14,0
195.07,140.94,29.25,46.2,125.07,78.86,91.95,78.97,60.92,32.82,2.33,167.14,0
168.01,193.91,1.69,55.24,73.8,111.44,95.18,77.96,81.54,40.72,1.59,184.93,0
240.88,176.44,42.48,55.47,97.56,66.46,103.66,82.85,76.81,36.46,1.54,118.7,0
216.52,151.43,21.13,86.02,78.93,112.6,84.56,72.12,77.17,34.15,2.59,145.97,0
204.81,218.73,25.65,66.26,128.33,90.84,75.04,98.11,90.28,34.27,2.74,178.67,0
145.07,127.32,29.7,54.31,66.01,79.59,72.06,72.64,79.74,40.05,2.41,172.99,0
266.18,167.0,35.74,51.49,129.78,101.31,123.32,112.82,82.9,40.3,3.25,180.97,1
171.72,104.24,29.02,61.43,87.08,92.87,80.63,87.55,72.43,29.13,2.67,163.56,0
206.38,172.29,29.62,62.59,112.8,103.39,91.79,75.9,95.22,34.81,2.35,135.35,0
200.54,164.2,23.89,45.33,96.9,84.76,85.16,89.45,76.54,31.72,2.08,138.74,0
212.72,195.88,17.04,32.56,100.51,80.97,95.51,77.28,78.6,31.25,3.26,186.96,0
157.01,211.05,32.43,49.82,131.58,110.85,81.46,89.71,73.64,31.19,3.0,113.16,0
237.13,145.08,20.44,55.51,75.0,107.45,97.07,85.88,80.84,31.5,3.31,145.66,0
294.56,130.33,37.99,71.32,101.08,99.38,96.87,77.99,84.9,27.15,2.81,166.45,0
239.11,121.82,24.89,60.63,104.82,98.68,94.81,73.48,79.81,40.64,2.47,133.09,0
165.47,133.25,25.68,52.47,108.86,99.43,91.4,88.73,88.97,28.98,3.04,127.86,0
249.1,182.27,49.19,47.33,136.8,105.6,111.5,92.64,83.64,42.87,2.95,168.23,1
197.17,197.65,19.7,43.44,135.98,119.54,126.34,95.98,108.17,49.08,2.33,112.55,1
176.82,170.44,24.61,45.78,115.3,73.48,88.51,80.82,79.82,36.01,2.29,126.86,0
143.31,201.93,12.2,61.1,120.05,97.25,95.16,91.63,76.72,31.0,2.0,181.75,0
217.58,189.34,19.75,49.32,103.74,99.69,98.01,88.06,82.25,46.53,2.46,155.18,0
297.29,160.63,30.16,51.87,102.41,120.75,91.8,82.73,64.22,28.96,3.08,131.55,0
171.47,144.66,12.34,45.89,105.06,68.36,79.61,70.93,81.21,36.56,3.2,151.17,0
181.1,144.06,14.27,51.19,94.84,83.76,93.6,94.95,65.21,42.31,2.7,154.11,0
136.02,182.3,31.37,66.38,74.88,103.81,89.56,96.8,99.35,33.09,1.59,189.65,0
180.85,166.08,31.7,23.88,97.48,80.64,80.78,82.74,74.56,34.38,2.57,157.33,0
128.29,192.1,18.22,55.2,122.5,76.48,91.63,66.72,85.78,39.53,1.74,152.87,0
242.62,157.35,23.31,55.3,128.01,84.39,114.52,78.62,86.15,33.56,2.48,168.93,0
203.1,140.52,30.28,39.19,90.2,96.4,69.68,74.37,72.57,32.0,2.52,159.4,0
193.32,170.49,27.36,63.99,121.63,94.46,81.94,66.64,90.31,37.27,2.39,164.54,0
232.08,234.07,0.5,-4.54,143.23,112.22,145.24,113.73,97.74,44.0,3.05,209.16,1
209.59,180.99,29.7,48.37,103.6,110.22,106.05,94.72,71.6,38.47,2.38,162.51,0
267.54,110.81,36.75,75.18,108.84,133.67,120.76,87.71,73.17,38.37,2.86,162.58,1
197.63,114.47,15.57,56.7,117.58,88.46,97.3,88.33,92.93,40.08,3.48,133.87,0
213.34,166.96,32.64,34.03,101.61,101.07,109.92,76.0,75.26,41.76,2.51,157.62,0
242.54,184.32,21.94,32.42,133.72,124.29,109.05,92.54,91.79,42.99,3.97,208.02,1
194.55,133.01,24.54,28.8,92.23,110.22,101.63,112.92,89.06,41.05,2.85,145.47,0
251.1,158.56,34.62,71.23,112.31,108.5,89.03,75.88,72.47,32.03,3.04,146.96,0
265.1,170.26,25.33,61.28,128.03,105.0,87.17,77.86,74.36,31.06,2.71,160.45,0
206.77,122.9,23.73,25.02,75.73,101.26,92.47,78.94,82.6,30.36,2.35,140.21,0
198.95,155.98,21.25,61.24,84.37,107.23,75.66,97.11,86.48,39.48,2.44,158.32,0
189.2,149.58,44.11,69.58,110.46,92.34,88.27,88.06,81.13,29.71,3.21,136.3,0
188.84,168.11,38.31,59.8,124.8,107.78,95.01,69.67,83.52,27.51,2.29,129.45,0
189.83,149.18,32.61,81.77,99.73,105.92,81.36,108.69,96.43,32.05,3.38,178.68,0
163.31,140.57,2.34,52.74,107.86,117.56,82.34,92.7,93.78,36.94,1.67,180.29,0
176.54,149.41,32.39,30.52,77.82,73.35,85.71,80.79,82.62,26.28,2.46,179.33,0
214.91,165.85,11.47,50.91,81.58,92.04,82.92,73.66,68.68,46.07,2.4,166.4,0
200.22,148.03,28.28,53.47,103.08,83.85,97.49,79.97,69.44,31.86,2.01,160.74,0
181.01,105.71,21.51,69.08,81.85,81.04,97.27,92.13,64.75,35.41,2.42,177.82,0
174.48,113.52,28.97,65.86,96.13,78.05,72.74,88.95,86.27,35.97,1.73,157.85,0
215.46,125.14,33.39,52.59,94.52,92.41,81.6,66.27,76.23,27.78,2.47,147.47,0
202.6,126.19,25.12,70.73,95.0,121.36,93.96,84.59,96.62,33.11,1.84,171.43,0
178.43,201.41,17.47,25.67,105.97,83.73,83.71,74.41,89.32,38.85,2.31,177.12,0
206.73,174.89,27.85,62.77,85.73,94.24,98.12,83.53,72.6,24.95,2.25,108.7,0
210.86,172.41,31.07,103.28,114.76,134.18,108.82,85.7,100.38,37.9,2.6,193.0,1
332.9,118.4,37.64,12.85,131.31,112.76,93.09,102.67,102.35,27.88,2.43,117.47,1
206.73,197.42,25.93,67.63,86.64,111.15,98.65,99.95,79.8,40.97,2.26,157.75,0
183.32,162.56,23.43,19.24,102.99,98.36,106.06,69.27,77.33,37.81,2.45,123.1,0
248.73,198.41,16.75,54.46,145.83,108.39,100.23,100.05,92.09,39.18,3.97,167.36,1
174.31,183.53,26.18,58.59,73.71,81.82,76.85,77.0,67.58,23.23,1.92,157.25,0
232.05,148.63,13.86,63.25,100.88,98.49,110.64,95.75,80.94,47.92,3.03,139.34,0
185.35,165.42,30.95,43.69,98.28,108.27,101.87,77.38,63.64,39.86,2.51,152.29,0
218.09,179.95,29.15,34.96,146.47,89.1,90.32,94.32,86.18,35.79,2.83,141.35,0
137.41,168.99,27.86,42.36,75.65,81.39,84.03,96.79,78.09,34.8,3.62,125.01,0
222.83,206.23,44.14,64.4,93.75,89.36,88.73,88.95,71.71,36.64,2.77,126.7,0
197.42,178.3,25.74,41.09,110.73,92.25,98.98,102.3,85.72,27.79,3.08,161.62,0
179.13,200.74,23.19,59.65,98.43,77.89,70.58,104.67,84.62,35.74,2.64,153.4,0
205.75,170.32,35.03,66.63,76.78,94.98,73.19,64.85,80.64,39.53,2.26,156.46,0
204.29,166.55,38.99,49.4,83.29,95.24,87.3,91.63,65.95,43.09,2.64,152.48,0
208.43,113.95,33.24,56.19,91.05,78.75,91.87,66.25,62.25,39.94,2.42,170.59,0
217.74,149.89,26.26,45.5,91.12,109.18,93.99,73.46,89.11,31.16,3.03,175.49,0
229.37,116.44,30.37,69.46,107.96,84.37,92.91,77.64,89.32,34.52,2.84,172.47,0
218.45,153.02,32.86,39.53,143.93,122.05,106.77,105.96,86.79,28.47,2.05,163.36,1
164.62,131.07,29.52,64.56,114.31,97.62,117.11,112.22,75.96,29.38,2.62,158.37,0
188.07,158.82,20.14,63.02,85.5,86.62,75.98,73.23,68.46,31.4,2.55,153.7,0
195.46,164.95,35.6,54.1,118.36,99.58,90.33,104.17,90.67,43.76,2.23,154.54,0
278.82,238.6,35.49,95.06,141.55,128.75,97.67,117.32,108.28,29.62,3.96,221.34,1
260.46,139.87,43.22,52.41,123.23,85.55,83.47,93.93,79.43,33.45,3.16,158.0,0
196.34,152.71,21.8,63.1,85.08,108.18,85.34,70.77,76.96,30.08,2.01,138.62,0
140.65,158.49,31.89,72.4,91.39,93.11,89.11,88.55,72.87,34.08,2.01,167.26,0
208.38,133.0,20.28,28.86,80.19,93.24,96.62,108.18,87.56,38.43,2.54,143.77,0
220.79,169.53,30.22,42.3,66.88,90.36,90.58,80.5,77.79,37.84,1.94,155.84,0
178.16,158.42,34.47,54.8,87.46,77.71,85.64,82.69,83.8,36.3,3.42,148.11,0
231.08,167.69,26.82,49.26,107.39,96.55,97.85,70.15,80.63,33.67,3.03,115.98,0
202.2,162.76,16.63,73.79,73.79,122.9,114.41,81.07,68.1,26.1,1.92,120.16,0
181.57,143.19,11.49,52.34,89.25,103.32,103.47,80.69,72.95,44.68,1.4,156.3,0
218.33,187.34,16.53,39.68,116.87,113.79,98.75,105.9,78.07,50.82,2.14,227.37,1
284.44,154.46,25.62,67.97,76.53,83.9,95.64,90.99,88.46,40.94,3.04,161.83,0
158.99,172.52,22.56,72.79,112.34,83.26,88.32,93.92,78.03,32.51,2.6,157.7,0
174.97,186.35,28.9,92.51,135.82,80.87,96.87,105.44,88.97,38.19,2.83,138.98,0
191.6,148.47,30.86,74.73,100.74,84.44,107.53,94.45,82.1,42.96,1.62,165.47,0
225.87,146.56,24.86,47.34,99.75,97.89,107.75,72.14,80.92,40.92,3.46,130.02,0
201.48,169.89,26.24,85.54,125.61,105.95,89.26,92.6,84.46,40.54,2.49,71.55,0
157.31,139.38,30.09,25.36,112.5,66.43,72.22,64.51,77.69,37.78,2.34,157.48,0
196.87,130.58,28.2,57.27,102.15,73.93,84.09,88.86,75.74,30.92,2.61,132.85,0
193.27,147.19,29.29,75.01,92.85,109.37,99.67,95.15,77.88,28.25,1.75,145.67,0
211.1,179.85,29.22,55.2,85.35,92.8,88.73,98.95,81.18,28.73,2.25,115.21,0
169.52,182.51,43.75,80.27,98.7,101.33,89.23,80.0,72.39,31.29,1.66,158.69,0
166.93,130.15,21.48,33.24,102.01,106.55,103.53,80.16,87.99,36.6,3.34,157.37,0
232.73,184.86,16.78,44.71,93.32,92.26,86.91,92.95,87.58,29.66,2.79,158.41,0
206.14,196.3,32.11,80.74,88.4,91.22,77.3,112.1,62.27,35.32,2.28,133.44,0
228.49,138.04,13.22,57.48,75.49,103.22,91.38,100.05,68.43,40.6,1.26,150.04,0
139.78,153.66,28.63,41.16,119.18,94.03,83.71,89.44,76.16,28.77,2.87,128.11,0
269.24,121.42,25.16,50.31,120.43,76.46,81.85,89.0,82.3,32.17,3.29,133.61,0
236.55,100.2,18.05,32.94,117.66,89.68,81.74,89.39,77.8,35.94,2.17,144.64,0
137.67,189.5,27.73,83.5,108.01,99.59,82.58,99.93,66.78,25.23,2.29,166.45,0
114.83,202.98,19.29,50.11,96.7,96.49,90.65,86.66,81.83,36.13,2.46,176.69,0
186.55,122.2,21.64,42.98,91.0,87.02,83.69,82.46,85.78,33.47,1.91,133.93,0
190.23,133.08,45.39,46.64,56.51,91.09,86.58,77.26,87.82,40.89,3.27,142.41,0
194.14,124.18,26.69,46.88,100.01,90.7,78.73,87.64,86.22,37.91,2.9,142.35,0
146.21,185.63,35.88,59.67,102.5,82.95,83.28,109.05,98.03,37.64,2.58,167.84,0
178.28,142.84,14.82,42.24,114.64,94.2,93.1,93.55,75.77,32.7,2.19,147.73,0
196.29,160.68,26.86,49.04,106.05,106.95,84.45,80.35,78.53,26.39,1.89,136.4,0
157.83,179.16,37.86,28.86,103.16,90.87,82.76,84.52,86.31,37.89,2.67,172.17,0
230.62,202.55,16.6,28.5,100.7,115.17,111.84,115.42,95.9,43.46,3.27,186.04,1
267.53,156.25,41.85,49.52,137.93,104.44,111.31,104.73,95.27,38.51,2.71,174.21,1
206.63,197.35,24.71,32.7,81.73,113.32,104.58,93.66,104.33,31.1,4.57,224.82,1
205.36,153.59,14.08,71.38,95.73,90.35,78.8,90.72,80.68,33.56,2.63,154.19,0
185.07,140.19,31.38,68.42,77.49,93.82,76.99,81.33,97.68,29.92,1.94,143.23,0
201.18,151.32,27.0,41.23,104.03,86.35,82.67,101.66,90.88,24.19,2.28,173.81,0
239.76,146.17,24.01,48.83,97.79,76.05,97.32,89.85,77.82,35.34,1.65,159.09,0
208.61,182.15,20.69,38.05,92.53,75.3,75.08,87.36,65.33,33.78,2.17,129.89,0
188.38,89.06,25.99,97.36,83.54,116.41,96.49,85.6,73.19,38.6,2.68,144.59,0
172.46,150.68,36.11,35.9,109.19,99.73,66.15,84.61,78.58,34.14,2.08,164.04,0
178.56,131.97,28.89,57.98,109.18,119.69,81.4,77.27,75.53,34.43,2.59,137.45,0
197.36,158.57,25.81,69.55,91.79,98.59,111.22,91.68,90.71,42.84,1.97,137.99,0
256.93,162.15,23.15,39.61,108.69,87.8,98.9,91.35,74.79,28.18,2.29,144.36,0
229.88,135.89,20.99,38.38,124.35,112.1,80.68,67.79,76.08,38.46,2.71,181.79,0
248.44,165.67,22.45,44.33,132.68,95.99,76.28,83.71,78.54,33.22,2.41,124.31,0
184.47,157.49,26.61,51.79,104.53,93.66,69.35,97.99,78.61,33.12,2.56,116.24,0
220.79,151.23,19.08,52.45,85.87,101.95,109.53,74.61,72.89,40.72,1.95,174.07,0
154.02,157.12,21.32,71.35,108.07,62.56,90.12,77.65,76.16,28.36,3.2,112.34,0
191.48,94.23,16.56,47.35,99.21,78.86,85.79,65.53,76.42,36.18,2.65,150.46,0
230.28,126.08,22.64,53.07,95.23,99.77,93.43,81.25,72.73,33.38,2.81,143.51,0
155.62,156.57,23.16,27.2,68.71,65.15,88.05,84.84,72.83,36.66,2.35,142.13,0
200.68,154.53,25.25,71.87,88.57,98.09,85.85,100.76,88.45,29.06,2.16,128.21,0
205.43,131.81,34.33,38.56,98.95,111.23,90.95,81.62,79.09,33.4,3.25,130.54,0
205.44,180.79,25.37,65.61,77.01,86.57,72.61,87.93,83.02,38.18,2.35,191.08,0
292.64,145.67,31.68,27.89,119.99,117.13,121.72,115.84,81.95,58.4,2.37,174.52,1
201.02,182.28,19.87,27.3,88.49,88.16,98.24,95.22,81.74,28.38,2.35,152.16,0
207.29,145.27,28.99,59.1,82.85,87.15,81.23,90.33,71.38,36.04,2.03,153.61,0
214.43,151.9,21.21,68.14,111.57,87.04,84.73,77.09,76.09,31.91,2.71,179.94,0
215.19,154.65,30.85,39.32,103.96,108.07,93.1,88.34,49.31,37.07,2.08,119.05,0
224.85,163.38,16.86,28.39,109.04,124.98,97.32,84.6,77.1,40.24,2.53,180.37,0
168.72,196.04,48.07,41.62,97.92,92.07,121.87,96.61,96.75,46.68,2.99,149.99,1
161.63,178.91,14.81,58.16,110.84,98.23,86.35,79.47,73.73,32.06,2.51,140.09,0
168.51,166.64,44.15,66.2,101.4,92.3,63.48,77.58,73.59,34.35,2.37,183.53,0
150.86,186.88,16.24,53.06,102.76,88.85,100.11,84.8,88.97,37.39,2.75,166.19,0
226.17,159.86,33.83,43.36,65.44,93.63,109.33,97.83,74.49,38.33,2.91,153.51,0
207.29,181.17,33.98,64.89,94.09,96.73,84.45,99.84,74.57,31.58,2.79,169.84,0
202.39,152.26,21.74,55.69,94.63,92.32,108.2,111.07,101.59,37.96,3.17,134.43,0
205.96,208.63,27.31,50.85,88.33,99.05,86.41,76.22,72.1,32.72,2.7,157.9,0
209.65,156.7,8.6,47.23,79.28,88.82,68.9,69.86,88.24,30.06,1.98,157.22,0
193.18,204.97,42.24,60.51,84.46,99.33,92.82,80.81,82.27,32.22,2.18,141.47,0
188.19,131.85,25.27,42.72,102.09,94.91,80.06,91.09,79.43,38.71,2.43,155.38,0
218.12,134.0,24.72,82.02,90.94,90.64,91.58,95.47,81.21,28.35,2.54,162.8,0
215.64,183.24,9.41,54.86,85.32,77.74,81.09,84.42,76.32,32.22,3.3,108.93,0
211.11,153.01,17.06,37.14,116.03,111.86,119.69,94.76,81.43,62.41,1.67,158.75,1
212.65,153.28,24.34,47.29,94.24,90.16,66.5,114.43,57.2,43.15,2.42,130.56,0
171.56,141.33,20.39,55.93,121.18,96.68,83.93,83.82,77.39,30.36,2.12,137.26,0
225.49,111.26,33.32,47.5,90.54,85.37,89.73,76.77,69.85,31.15,2.67,162.3,0
217.58,163.86,7.57,61.47,97.72,87.46,116.67,97.29,76.98,31.58,2.96,161.4,0
161.19,121.74,26.03,38.08,88.82,91.07,93.66,98.68,64.62,28.24,3.14,149.37,0
249.61,126.06,36.31,56.66,107.29,100.9,102.24,93.73,86.77,42.92,2.26,179.69,0
205.48,161.19,32.74,72.25,106.63,102.19,99.62,91.7,74.35,37.03,3.19,148.05,0
155.69,186.8,23.85,50.84,91.46,91.33,85.86,79.16,89.3,36.06,2.79,122.31,0
292.03,201.14,18.23,55.02,116.3,127.85,124.25,117.8,93.97,47.08,2.52,184.3,1
208.32,148.56,27.46,29.47,90.47,105.56,90.21,74.44,79.42,35.02,2.89,130.27,0
134.12,165.01,25.66,77.73,107.02,90.93,91.43,84.72,72.29,37.55,1.87,145.38,0
169.04,179.29,18.18,47.52,101.94,101.12,103.59,77.07,76.06,35.61,1.99,149.17,0
190.69,160.81,24.92,53.63,100.38,98.54,103.53,74.24,87.97,26.82,3.19,149.42,0
211.2,169.89,30.78,46.0,104.62,106.51,94.42,73.08,89.37,32.11,2.43,158.25,0
242.87,145.04,22.9,58.84,118.65,105.11,79.12,67.19,74.76,47.53,2.65,120.55,0
211.39,138.89,13.89,55.55,106.7,82.72,87.94,78.39,79.89,37.81,2.27,169.85,0
241.8,137.49,31.32,84.4,117.1,83.59,92.36,77.45,89.12,36.23,3.13,160.85,0
194.11,150.38,29.35,43.78,104.6,99.07,89.07,71.01,65.0,33.56,3.1,119.53,0
205.82,140.53,28.4,98.77,77.59,79.34,86.07,76.66,77.44,43.31,1.5,128.65,0
211.87,200.96,25.28,49.95,81.78,98.62,90.09,75.28,79.38,36.76,1.96,155.6,0
209.33,181.42,23.51,40.41,79.95,85.28,86.1,78.27,84.83,37.62,2.69,143.96,0
204.41,206.79,38.08,24.38,153.71,104.8,104.97,92.02,108.57,49.51,2.3,230.35,1
215.51,179.8,13.86,50.19,77.84,95.37,72.56,80.96,75.85,38.4,2.36,141.38,0
202.14,198.97,31.51,43.51,94.0,101.25,87.35,77.25,93.11,30.15,2.74,145.64,0
170.43,122.03,28.84,50.04,102.04,111.68,96.84,87.24,79.5,43.13,2.77,167.38,0
267.88,171.07,23.0,63.2,130.31,131.48,103.82,125.16,88.68,30.51,2.59,151.76,1
206.19,179.6,45.32,58.47,97.69,82.05,121.18,88.17,89.08,34.85,2.41,128.54,0
239.36,161.81,19.14,54.84,100.72,96.51,79.72,85.78,89.55,43.21,2.12,153.14,0
169.41,159.85,21.15,49.9,117.04,101.25,87.96,85.22,73.09,30.67,2.75,160.62,0
118.87,178.56,22.32,46.7,108.28,101.63,103.75,78.43,80.05,35.82,2.71,147.33,0
220.15,121.21,23.23,72.93,133.03,93.4,81.23,96.02,87.41,26.56,1.77,168.46,0
199.06,146.23,25.16,44.14,86.91,116.56,90.39,70.91,76.16,33.12,2.55,145.9,0
158.29,187.0,21.41,69.64,129.87,113.61,67.14,81.42,80.34,33.58,2.83,155.68,0
192.78,157.32,28.83,21.26,94.18,78.93,92.32,93.09,74.08,44.63,3.25,175.37,0
237.78,183.94,23.01,53.13,114.61,92.34,92.97,55.46,76.41,33.12,2.73,118.26,0
140.74,147.81,33.97,44.98,86.57,90.28,92.72,82.66,91.88,45.26,2.0,168.68,0
184.15,177.01,37.88,64.67,76.83,91.22,93.99,80.97,83.73,38.15,2.77,145.19,0
235.84,169.71,31.58,57.24,97.83,82.96,99.76,73.82,85.27,33.07,1.97,130.44,0
206.36,185.91,26.19,45.7,86.48,91.63,95.37,85.02,75.48,33.44,1.92,180.49,0
176.27,191.8,22.73,80.97,96.07,100.97,78.32,79.85,70.8,30.55,2.71,141.91,0
217.48,132.71,27.33,40.32,121.67,116.45,94.5,84.9,80.07,27.24,1.92,138.06,0
215.41,164.99,18.39,22.33,71.9,84.22,101.64,86.22,80.66,45.74,2.3,112.54,0
274.71,227.64,28.64,75.39,89.89,116.78,96.17,85.17,88.24,42.31,3.62,155.21,1
205.04,146.91,30.91,58.27,73.03,93.48,103.39,91.31,76.96,38.71,2.94,151.45,0
250.36,161.7,19.46,65.41,59.31,99.0,93.36,82.72,68.61,38.53,2.49,175.04,0
189.91,167.41,32.1,52.87,74.58,103.49,101.91,79.95,75.53,37.23,1.65,125.1,0
175.61,172.72,30.02,50.88,119.07,90.61,82.18,78.83,81.77,32.84,2.7,142.48,0
178.86,192.75,24.89,42.91,129.29,112.15,80.03,67.76,88.22,31.76,2.74,184.25,0
250.17,188.59,25.2,80.4,110.43,103.23,91.56,93.55,113.49,33.15,1.82,174.55,1
190.83,172.23,25.4,32.82,83.85,105.32,90.15,91.02,81.11,31.97,2.65,143.29,0
208.0,114.09,26.94,37.02,103.03,96.01,106.73,92.24,84.36,36.85,2.72,151.59,0
195.14,175.22,19.17,60.73,82.45,94.5,72.74,98.64,64.54,31.92,2.0,134.06,0
186.26,158.5,24.08,58.35,86.18,99.29,86.33,89.61,74.96,37.86,1.65,178.17,0
211.65,189.07,30.47,32.46,122.99,108.87,87.02,76.47,73.9,41.9,3.1,153.76,0
225.74,157.71,30.85,45.15,77.6,91.89,89.59,81.73,90.82,44.56,2.67,124.21,0
199.67,175.14,18.0,80.12,86.34,85.23,79.25,92.6,73.27,37.4,2.65,142.39,0
229.87,172.32,24.81,51.14,83.45,105.78,83.67,92.82,83.29,31.71,2.88,153.51,0
231.62,192.28,19.53,71.92,95.42,91.51,92.78,84.7,97.52,41.71,2.33,122.78,0
155.03,173.8,37.23,22.08,116.07,91.63,82.21,87.35,67.06,30.09,2.0,152.06,0
205.85,135.39,25.65,39.88,90.82,100.6,67.25,98.92,86.25,24.93,2.94,159.45,0
196.1,147.93,33.48,66.18,116.41,62.91,69.19,74.47,87.08,34.31,2.31,128.5,0
226.17,174.28,21.09,37.99,131.47,109.55,87.42,80.31,75.61,30.66,1.89,170.88,0
233.51,170.52,25.61,73.36,108.65,73.82,90.23,95.84,79.99,34.44,2.08,168.66,0
170.3,121.43,26.01,48.57,97.06,106.04,94.42,85.18,86.88,30.81,1.96,146.53,0
149.32,168.71,8.4,40.3,83.0,76.18,81.46,80.0,75.95,35.66,3.25,147.7,0
201.57,231.72,33.66,34.74,107.08,129.6,107.97,139.49,95.37,34.68,2.26,177.81,1
207.94,173.96,28.32,93.82,90.26,102.43,106.94,77.04,84.52,37.55,2.65,125.81,0
181.75,145.27,24.54,47.62,80.82,94.28,95.92,98.72,85.46,38.22,2.35,121.5,0
243.42,169.49,29.31,54.61,99.39,123.38,94.76,82.1,89.89,33.83,1.95,154.08,0
211.8,205.51,26.61,59.48,113.07,86.66,105.55,76.9,76.89,29.23,2.8,142.3,0
214.15,177.59,15.51,50.88,87.49,86.84,99.6,81.94,96.62,36.06,2.15,155.39,0
250.07,115.47,24.59,57.01,107.19,73.99,102.06,94.94,87.03,38.9,2.39,129.06,0
255.67,172.02,36.03,47.75,107.54,91.37,90.53,86.63,88.68,34.66,3.33,140.75,0
177.9,153.19,23.11,86.24,105.99,101.98,110.6,77.69,94.66,28.0,3.31,128.68,0
210.43,136.03,35.3,56.13,98.57,80.29,57.79,84.96,85.15,34.31,2.28,140.85,0
175.04,158.43,28.09,59.1,80.98,95.15,79.99,94.05,73.33,35.28,2.6,135.54,0
227.4,173.61,21.37,53.35,115.38,96.24,80.51,85.89,79.09,28.0,2.59,156.73,0
223.46,186.76,36.86,41.23,106.76,87.74,67.82,78.39,81.53,34.72,3.37,161.17,0
240.57,130.51,28.07,61.85,96.02,110.27,81.01,83.16,90.77,42.95,2.19,123.06,0
208.08,145.98,28.46,55.09,65.29,79.77,89.42,82.53,86.31,41.07,3.01,190.8,0
204.73,183.57,26.91,75.99,105.89,105.59,82.17,72.75,101.09,40.95,2.62,149.86,0
232.52,230.18,40.63,23.95,150.32,117.47,112.12,100.2,86.53,50.31,2.63,215.24,1
222.92,154.57,19.4,38.82,101.48,106.63,103.99,87.45,77.54,36.15,1.73,121.6,0
197.49,88.63,32.66,61.26,62.4,93.73,94.76,104.72,70.61,34.61,2.35,173.9,0
245.84,176.55,25.55,32.22,94.66,79.15,75.93,89.92,76.91,39.16,2.04,158.12,0
189.61,147.63,28.12,39.23,78.6,92.68,85.23,71.87,85.02,33.29,2.25,124.45,0
193.92,174.79,18.83,44.36,100.02,95.45,89.95,95.16,75.7,26.9,3.42,137.78,0
206.65,203.16,27.6,75.18,123.73,86.83,90.12,96.28,86.72,31.29,2.67,157.4,0
178.15,146.68,27.44,33.9,109.35,91.9,80.18,73.71,75.83,38.63,1.65,117.98,0
194.56,164.11,6.44,67.87,96.45,71.22,75.24,107.89,68.45,34.62,2.16,126.22,0
170.9,166.92,18.42,46.45,90.98,73.04,97.15,97.61,81.46,44.32,2.51,155.29,0
225.79,161.4,33.27,92.46,95.52,85.31,97.19,86.08,72.78,42.1,2.34,147.27,0
265.46,144.56,8.74,58.98,113.31,107.32,102.08,100.04,78.95,48.08,4.04,195.64,1
176.6,157.23,20.48,45.47,108.34,101.45,79.03,80.43,78.45,32.18,2.67,125.51,0
210.82,179.1,16.03,60.87,81.02,94.5,88.86,99.56,83.6,37.7,2.35,169.53,0
235.76,168.71,7.47,51.95,100.61,86.56,74.78,85.3,81.33,39.8,2.27,134.49,0
170.74,190.17,18.23,64.21,87.74,94.01,98.79,73.19,89.67,31.83,3.14,158.1,0
151.65,147.56,7.24,17.02,101.04,112.66,106.77,88.94,93.32,39.51,2.36,173.13,0
230.38,145.25,25.12,65.44,98.36,70.07,82.71,95.52,91.96,38.02,2.49,169.08,0
199.33,181.31,24.08,40.9,128.38,87.16,92.81,86.18,78.49,24.43,2.27,155.37,0
282.47,164.4,21.95,39.41,125.45,112.33,103.24,83.94,101.83,42.19,3.74,163.25,1
195.26,177.47,17.2,59.18,100.52,92.18,88.11,85.97,77.72,42.01,2.55,193.44,0
257.7,149.56,31.62,49.84,91.18,87.91,101.68,94.94,73.7,31.24,3.39,148.97,0
197.38,111.58,16.93,65.55,70.52,93.7,86.91,76.92,74.96,36.92,3.27,134.99,0
142.76,132.85,28.48,54.7,112.56,110.06,95.98,86.7,82.71,25.15,1.92,158.93,0
179.05,139.03,30.83,33.46,114.36,108.04,75.29,74.81,86.38,39.72,3.21,127.61,0
225.18,114.9,16.31,66.75,127.28,78.7,98.99,88.14,80.02,28.44,3.24,183.3,0
217.16,170.54,22.81,41.86,74.06,107.87,80.67,110.99,87.06,36.33,2.66,127.81,0
235.78,192.1,33.06,67.29,106.78,71.63,78.48,77.4,84.68,34.68,2.01,112.83,0
160.53,158.04,22.98,52.46,117.95,82.54,73.73,91.99,86.8,29.48,2.95,141.91,0
140.94,143.86,14.2,57.43,83.51,89.46,90.24,86.0,92.02,40.82,3.5,158.14,0
222.53,186.86,23.51,57.9,115.94,85.85,89.43,83.04,63.62,31.53,3.02,160.06,0
162.26,99.34,29.14,61.36,94.66,106.74,91.09,91.64,77.85,35.46,2.43,139.85,0
176.0,194.24,21.91,52.25,96.79,113.49,105.36,88.96,71.89,36.26,2.82,145.08,0
186.11,176.15,22.01,45.74,130.81,78.12,94.05,98.49,85.4,36.73,2.09,176.1,0
176.32,174.63,21.99,51.67,67.69,80.48,93.23,84.85,81.88,34.17,2.41,155.38,0
187.55,145.39,29.01,60.5,86.23,96.72,85.93,83.59,86.34,39.49,2.68,137.16,0
216.0,168.11,26.11,48.85,93.84,110.82,83.82,81.84,77.3,33.82,2.3,151.32,0
209.87,169.1,30.22,47.53,73.09,94.95,89.68,80.16,82.57,33.68,2.38,143.28,0
230.05,135.38,25.68,46.91,110.08,100.27,85.7,81.77,74.34,32.53,2.71,128.36,0
217.48,104.54,14.32,79.55,91.78,100.52,96.87,93.18,78.72,35.92,2.52,120.21,0
162.07,208.71,49.61,26.61,110.09,76.92,87.23,102.45,79.33,41.15,3.11,153.64,0
219.01,177.16,28.84,47.69,89.89,101.82,70.83,95.4,86.65,32.57,3.21,155.12,0
190.45,135.85,26.09,55.57,91.43,83.91,99.91,99.38,85.41,40.71,2.97,142.92,0
221.02,141.27,26.99,43.89,101.39,88.81,90.14,78.69,68.19,41.28,2.1,138.61,0
208.92,163.95,24.44,56.24,113.15,95.39,102.86,91.07,97.69,36.34,2.87,149.58,0
189.67,148.47,35.2,35.32,119.64,122.21,134.35,102.9,92.05,28.3,2.77,244.46,1
197.21,159.15,25.07,80.34,113.01,88.95,103.42,84.37,54.07,42.07,2.77,152.97,0
231.72,181.12,25.78,36.06,102.05,91.54,108.46,93.33,76.34,30.74,3.16,176.45,0
198.62,177.09,32.41,52.13,109.6,84.96,118.69,85.16,104.79,25.17,3.14,175.2,1
187.63,151.59,20.76,66.1,115.9,63.58,90.97,89.61,90.76,34.95,2.24,143.52,0
157.54,151.49,17.48,61.46,137.38,94.81,95.59,76.02,67.76,38.98,2.03,161.9,0
210.54,166.09,33.85,67.41,97.14,104.28,96.87,97.43,91.72,22.8,2.61,190.54,0
173.44,185.15,23.87,38.12,116.38,113.01,72.46,81.88,83.45,38.23,2.79,140.97,0
209.98,173.0,21.74,64.89,96.54,89.66,100.31,81.55,89.37,36.66,2.47,169.81,0
243.82,186.7,51.38,35.49,89.85,136.41,87.13,99.8,91.87,45.25,2.98,243.48,1
256.71,160.03,41.34,29.93,106.79,95.7,103.1,63.64,69.39,33.36,2.47,114.52,0
182.63,145.06,23.24,61.88,122.47,116.8,80.69,71.67,72.28,35.94,2.0,140.82,0
249.08,127.55,29.37,8.34,106.23,113.88,97.09,107.6,96.05,53.03,2.52,122.3,1
223.07,136.06,28.19,62.03,88.44,100.06,88.15,76.6,85.06,37.83,1.95,155.68,0
320.89,208.8,18.38,55.05,139.11,148.98,112.15,111.6,76.28,37.77,3.76,150.47,1
188.08,105.76,16.74,54.05,118.32,103.18,84.72,74.7,80.86,36.39,2.1,166.74,0
182.58,138.87,37.79,36.51,87.46,72.92,85.22,96.04,86.06,36.02,3.09,153.96,0
255.68,120.34,46.87,57.8,152.44,137.01,137.17,81.0,89.78,41.46,3.88,123.16,1
199.79,172.87,35.81,34.75,106.7,100.26,76.36,76.32,64.12,34.94,2.62,153.74,0
164.32,153.06,30.51,53.04,114.46,112.55,87.43,99.68,86.44,36.9,2.8,187.92,0
177.86,145.84,16.76,43.26,81.23,100.68,78.85,99.19,71.01,37.48,3.21,161.11,0
166.3,186.45,28.07,65.37,111.07,94.53,97.41,76.24,67.52,31.82,2.12,156.71,0
166.41,138.58,18.67,72.87,104.46,109.8,115.3,89.64,88.9,31.82,2.73,140.4,0
205.35,157.47,19.34,51.18,90.53,77.93,77.14,92.88,85.16,40.32,3.04,190.17,0
176.76,168.6,33.57,49.38,103.46,100.28,82.25,94.02,72.17,42.6,2.28,157.51,0
228.7,165.48,19.35,52.69,94.42,104.32,81.56,87.43,82.15,33.5,1.73,124.97,0
220.89,174.61,12.56,53.45,78.17,113.43,96.87,88.33,79.92,38.9,2.14,119.32,0
236.91,169.68,49.9,45.83,112.82,97.94,93.54,81.38,103.94,34.4,2.41,173.05,0
144.69,143.29,32.86,59.4,112.95,90.58,99.68,79.38,79.69,29.44,2.84,159.69,0
196.81,214.91,31.26,63.3,98.21,77.01,108.06,67.37,83.56,42.69,2.9,158.84,0
266.03,208.82,4.77,31.78,93.35,135.39,72.63,89.7,75.52,43.7,2.58,189.76,1
151.99,149.96,32.59,55.35,106.09,93.46,98.26,106.25,78.9,35.04,3.3,159.98,0
177.82,138.02,33.77,39.46,88.04,96.75,94.61,74.14,83.48,33.3,2.35,169.75,0
219.16,155.31,25.77,60.06,117.76,120.65,80.13,81.25,111.01,43.3,3.18,202.47,1
139.45,184.94,8.28,32.35,110.81,108.43,99.47,87.02,79.67,44.92,1.24,156.57,0
216.09,97.55,23.35,56.87,81.74,98.4,93.25,91.67,83.32,29.32,2.47,145.44,0
195.79,144.73,14.84,45.92,87.78,95.38,76.5,78.7,82.51,40.04,2.39,169.59,0
217.04,177.26,30.73,45.63,111.18,77.74,95.9,76.61,75.68,32.74,3.88,153.86,0
200.53,154.79,23.53,55.51,105.71,111.04,89.9,84.68,84.64,41.44,1.76,95.09,0
232.28,142.42,39.24,15.14,102.12,119.3,124.41,94.89,90.06,39.35,3.54,225.25,1
164.71,170.11,18.18,47.1,118.67,84.8,83.69,86.76,71.36,23.72,2.88,148.64,0
158.34,202.49,31.97,67.63,118.86,72.2,89.42,79.84,54.89,37.63,2.45,121.47,0
236.88,146.55,30.61,46.78,98.41,110.67,82.45,88.97,77.77,35.75,2.39,149.1,0
238.26,206.42,37.83,37.0,104.43,111.7,91.51,82.51,78.3,31.02,2.77,174.86,0
243.87,155.29,24.68,66.8,97.57,106.96,89.88,93.1,77.47,37.44,3.2,152.31,0
187.63,192.37,21.61,52.31,101.12,114.13,103.14,64.32,73.97,46.73,1.75,128.49,0
265.52,130.14,19.13,39.17,102.7,112.64,85.64,75.03,92.8,43.72,2.53,121.61,0
207.72,159.5,20.51,93.58,86.59,77.22,101.17,87.51,74.14,35.3,1.7,106.05,0
313.25,181.45,13.42,69.24,96.05,97.63,118.63,84.24,120.41,37.03,1.63,83.02,1
179.64,181.82,17.05,68.48,116.35,86.36,89.18,83.28,107.02,33.28,3.0,140.89,0
197.24,177.01,24.35,78.99,77.4,78.17,83.48,48.12,82.77,31.57,1.74,150.48,0
190.55,189.46,22.95,56.18,94.58,96.01,92.57,85.78,83.74,46.05,2.04,129.5,0
220.53,201.65,21.64,59.74,120.98,117.5,105.92,107.86,95.83,41.45,1.69,192.24,1
166.79,164.4,18.41,72.76,101.89,102.96,73.75,101.8,89.09,40.69,2.64,155.63,0
261.91,169.31,35.51,67.36,65.19,101.48,99.04,99.28,104.17,36.17,1.78,120.65,1
203.34,160.11,38.32,48.57,90.94,90.71,88.36,99.36,73.4,32.82,2.77,145.0,0
202.19,135.76,24.6,85.34,129.13,103.6,81.49,85.58,76.11,30.47,3.03,155.5,0
217.3,133.95,37.19,23.06,109.34,149.33,114.96,107.3,81.46,43.19,4.12,164.46,1
170.45,134.0,24.84,61.14,122.96,86.01,93.14,77.73,87.31,34.68,1.72,155.9,0
243.58,160.21,35.25,61.24,87.37,93.64,76.78,86.42,84.81,31.88,3.18,166.58,0
209.56,164.91,31.53,78.52,96.05,78.2,106.88,72.02,71.81,35.33,2.72,125.44,0
194.63,175.47,18.15,70.44,93.28,126.65,102.02,74.5,85.63,39.39,2.03,155.84,0
195.22,172.34,27.11,37.02,91.52,95.77,92.88,75.76,93.1,31.38,2.13,147.49,0
222.33,172.0,21.14,47.39,105.5,82.02,80.93,80.26,72.91,27.71,2.64,144.98,0
214.81,140.59,15.77,45.81,79.37,84.12,90.55,75.19,81.23,37.1,3.51,152.7,0
175.23,147.27,24.69,73.04,95.22,100.23,108.34,99.19,82.62,23.18,2.01,149.19,0
170.18,108.41,26.53,33.83,109.66,91.73,105.6,87.05,77.39,39.64,2.85,170.54,0
179.23,188.98,31.05,49.79,90.14,84.17,94.32,80.42,80.68,40.24,2.49,161.42,0
188.21,191.39,26.92,47.77,95.18,86.77,82.89,76.54,78.14,23.99,3.05,161.74,0
232.09,185.89,17.17,73.51,91.13,67.38,84.61,95.29,87.82,28.26,2.99,140.65,0
263.74,154.99,29.19,66.92,104.97,109.39,84.94,74.45,78.72,35.75,2.65,170.54,0
200.02,160.06,18.58,58.21,93.61,106.15,90.34,96.21,78.23,39.78,2.31,131.85,0
170.8,167.69,25.36,58.28,88.4,87.42,68.76,78.74,84.79,37.92,2.36,162.47,0
188.88,167.27,23.8,71.26,103.65,105.88,78.36,80.49,73.76,41.33,2.4,163.43,0
156.92,196.33,15.54,74.84,83.28,128.36,86.99,81.24,78.48,37.29,3.3,145.99,0
173.22,178.87,21.19,35.04,111.97,104.41,109.12,102.26,67.0,33.24,3.19,140.02,0
157.51,176.39,29.04,16.7,110.25,87.01,75.21,68.84,91.42,29.18,2.02,125.55,0
170.25,173.64,13.96,76.72,97.64,92.01,92.45,98.14,74.93,33.66,2.52,143.6,0
239.1,188.2,29.25,53.98,62.17,89.4,108.06,78.73,79.55,28.19,2.86,149.25,0
198.82,203.18,13.62,21.13,120.2,121.22,107.99,85.68,77.15,36.16,3.22,137.06,1
209.37,166.59,25.89,31.62,80.46,108.53,82.49,104.44,66.76,36.48,2.67,181.52,0
226.84,157.63,17.3,66.56,100.65,91.02,78.68,100.39,76.84,30.42,2.81,137.75,0
219.65,118.47,24.39,56.54,118.78,67.97,93.21,78.33,91.29,32.99,2.43,170.31,0
203.39,192.79,31.75,44.93,117.51,100.53,83.57,82.96,88.26,36.68,2.74,158.95,0
198.22,162.5,14.01,34.27,93.63,111.82,71.14,74.2,76.28,42.85,2.27,122.5,0
239.34,196.05,20.41,29.05,78.54,89.01,100.57,81.14,74.87,32.27,3.06,142.74,0
134.69,109.46,13.84,46.92,95.49,94.71,100.69,85.91,92.78,26.1,2.28,141.39,0
247.96,134.86,32.65,70.58,92.74,99.63,94.5,101.37,64.96,31.33,2.61,170.5,0
237.04,137.82,43.21,60.4,94.01,102.38,93.87,86.14,73.4,33.28,2.1,127.65,0
187.54,168.45,23.74,46.13,125.83,107.08,93.24,54.55,77.84,36.28,2.37,157.68,0
211.78,159.09,41.01,21.61,143.75,97.03,113.68,103.77,90.3,43.11,2.82,180.79,1
167.04,159.58,24.01,35.22,134.38,115.18,84.16,86.06,86.91,34.65,1.75,182.26,0
146.87,135.65,31.95,27.89,88.94,99.37,103.0,94.48,93.22,33.38,1.63,119.35,0
178.05,182.03,8.16,49.52,102.77,79.53,91.93,100.2,80.43,29.16,2.89,164.07,0
184.26,167.38,21.03,65.32,100.52,96.3,102.9,85.12,63.42,47.93,3.11,176.1,0
228.81,191.69,27.29,57.03,112.3,112.7,96.75,76.97,83.74,37.12,3.03,177.15,0
210.89,148.53,19.12,74.92,86.57,74.58,90.99,86.42,87.57,35.73,2.12,145.75,0
198.65,109.09,19.55,32.03,125.1,92.98,95.88,61.21,74.97,34.28,2.87,190.09,0
183.48,169.59,25.61,78.83,116.22,101.12,83.32,87.96,88.25,43.49,2.32,172.73,0
209.62,122.49,33.77,57.06,91.54,89.28,72.89,86.83,69.28,35.33,1.67,149.96,0
179.9,153.77,32.95,51.92,118.41,80.51,99.46,94.85,69.66,35.08,2.0,144.04,0
163.55,209.8,48.8,66.11,121.74,123.02,106.65,91.25,106.59,42.57,2.06,190.1,1
296.56,162.37,16.85,42.46,140.61,124.09,79.97,92.09,95.86,37.87,4.45,198.38,1
249.3,125.3,15.27,79.65,115.61,90.23,108.98,91.18,84.36,39.41,2.27,153.15,0
195.74,187.43,24.35,48.0,81.51,94.18,99.28,95.38,70.45,36.44,2.67,155.43,0
200.24,190.51,4.0,64.13,97.36,96.62,94.99,82.36,96.97,35.41,3.53,153.8,0
185.57,169.26,29.88,52.18,87.76,79.77,90.43,82.53,81.7,35.26,2.12,146.48,0
281.88,225.54,35.2,19.08,128.05,119.2,148.59,92.47,96.63,35.83,2.83,134.45,1
215.44,242.81,16.33,42.96,122.93,121.95,107.8,88.1,94.25,44.0,3.73,136.35,1
190.2,148.39,18.93,32.54,77.2,85.14,97.03,86.95,84.56,41.92,2.52,165.97,0
213.87,167.22,23.82,65.93,112.26,92.68,72.84,77.68,75.65,26.98,1.58,147.13,0
159.56,110.11,14.89,58.15,92.95,95.87,86.42,87.94,85.88,30.14,2.83,164.92,0
221.94,100.33,25.21,40.51,100.44,85.27,93.86,95.6,81.33,32.25,2.4,107.46,0
186.44,163.65,33.5,66.33,110.29,109.73,78.43,98.14,68.33,36.09,2.5,131.5,0
164.83,116.36,19.77,50.45,115.1,96.65,101.71,81.47,91.98,38.55,2.11,143.76,0
181.02,148.06,30.32,60.99,85.11,100.93,105.72,92.08,84.33,36.53,2.84,147.83,0
210.67,120.41,15.11,54.56,95.34,104.21,90.34,92.5,97.65,50.79,2.61,127.8,0
222.04,167.79,11.95,68.89,96.54,68.54,87.34,77.44,77.11,36.91,3.52,152.3,0
175.28,141.62,22.48,70.61,112.85,92.4,106.51,76.75,87.7,37.14,1.42,142.21,0
137.54,136.61,11.46,40.03,101.31,70.41,96.6,76.94,82.75,33.8,2.84,130.88,0
188.07,189.89,15.25,37.31,117.49,102.39,87.66,91.17,72.07,24.29,2.96,151.27,0
230.05,183.65,35.03,71.48,76.22,104.84,91.17,91.08,80.08,33.9,2.31,150.13,0
219.94,133.62,24.5,57.51,63.94,89.75,104.47,106.11,93.11,33.83,2.4,117.79,0
172.51,120.73,19.68,36.75,63.47,93.28,94.09,88.81,72.75,29.49,2.45,102.18,0
234.39,165.19,30.01,55.24,104.48,106.63,106.67,78.58,81.87,36.58,2.33,145.85,0
196.6,148.66,30.97,57.69,82.57,96.77,109.84,84.42,78.5,37.18,2.21,168.69,0
195.65,183.44,25.78,54.33,88.77,98.42,85.56,96.67,83.02,28.17,2.58,145.15,0
170.2,145.11,34.45,41.37,107.59,101.06,84.22,74.41,65.5,28.35,1.97,93.96,0
213.46,189.83,13.77,46.61,106.58,108.53,78.79,77.75,91.0,38.84,2.39,149.4,0
235.46,165.68,30.06,43.54,80.19,101.37,97.69,84.27,76.61,35.87,3.27,148.48,0
216.13,181.15,10.63,74.38,139.63,112.17,100.61,80.57,75.65,34.48,2.25,140.85,0
158.13,144.81,31.62,45.97,105.07,106.97,101.37,69.74,74.42,22.46,2.4,138.16,0
216.59,155.55,23.64,54.96,103.5,99.48,86.15,82.85,84.98,42.39,2.38,138.18,0
205.59,145.55,20.91,52.04,77.37,115.89,96.25,81.67,81.12,32.74,1.89,151.27,0
205.68,159.8,22.94,52.36,123.87,90.04,83.72,74.74,79.29,37.42,2.67,156.38,0
184.26,120.92,30.38,78.61,81.25,89.81,76.53,83.9,84.87,30.68,2.16,154.15,0
217.89,143.75,18.63,60.41,100.31,90.65,87.18,96.78,71.99,35.46,2.06,166.54,0
179.33,129.27,22.23,62.15,86.74,88.4,104.9,68.28,79.31,32.88,1.95,155.02,0
182.85,125.66,23.11,45.38,140.55,103.29,89.88,71.92,90.48,31.07,2.65,186.96,0
257.04,213.1,21.92,40.99,132.63,152.09,128.25,87.31,80.44,39.13,3.64,212.99,1
234.19,188.65,32.26,45.38,91.72,82.46,89.17,86.93,81.94,31.47,2.99,141.13,0
192.92,160.32,13.45,59.36,73.46,93.9,80.51,71.24,70.35,35.62,2.39,114.84,0
257.61,188.65,8.86,47.45,125.67,93.95,98.94,84.17,83.42,40.16,2.29,147.61,0
181.34,165.24,27.23,43.62,71.43,111.68,77.56,80.72,87.81,35.76,2.42,119.49,0
159.51,158.6,30.75,63.34,93.49,74.67,98.72,89.56,85.14,38.28,2.47,184.68,0
222.5,148.51,38.39,66.41,94.28,109.29,91.61,75.44,71.97,35.42,2.03,157.59,0
212.85,172.85,22.36,43.76,108.97,91.88,85.67,85.08,90.11,29.1,2.19,170.93,0
140.93,184.33,9.69,66.56,89.53,104.71,82.83,89.75,66.27,30.81,2.7,177.81,0
213.93,172.37,18.55,47.67,76.43,88.39,75.35,82.75,77.5,38.19,2.73,175.05,0
158.81,147.13,30.54,90.73,115.34,112.0,79.01,75.72,92.74,36.25,2.44,110.42,0
190.34,145.96,16.76,49.23,102.92,90.57,101.8,79.91,82.25,43.24,2.47,143.38,0
193.53,180.5,35.34,81.52,90.42,78.56,84.68,82.86,77.86,30.11,2.3,157.77,0
164.48,120.45,16.88,56.37,88.06,96.49,110.91,89.69,87.57,37.06,2.25,198.03,0
224.06,169.0,43.6,56.4,99.31,103.43,88.96,70.69,71.8,39.78,3.02,173.37,0
223.51,180.98,36.82,49.32,82.79,62.51,90.33,72.64,76.8,28.11,1.62,133.71,0
264.15,184.21,35.21,87.34,137.9,112.29,125.68,117.29,103.55,43.58,2.93,207.99,1
211.39,212.45,24.01,37.14,77.58,84.07,97.77,80.6,81.2,33.95,2.86,144.14,0
183.41,163.16,26.93,72.43,120.89,97.18,85.4,76.39,87.26,36.01,2.95,165.06,0
130.52,195.61,22.56,57.83,82.05,89.88,78.74,90.4,68.88,34.84,3.07,170.37,0
238.72,186.92,15.12,64.58,104.8,97.44,83.89,91.42,80.73,35.96,1.66,153.32,0
227.97,180.22,33.23,42.84,97.62,95.19,77.09,92.09,73.99,32.43,1.78,163.74,0
224.6,132.74,25.15,43.92,108.87,102.29,84.35,79.95,79.04,34.84,2.23,141.3,0
192.81,120.13,23.1,80.05,92.54,87.71,70.66,89.83,82.38,30.63,1.66,143.97,0
227.12,145.25,35.09,47.06,94.87,87.08,93.32,78.43,76.4,28.38,2.83,174.44,0
242.4,215.03,34.31,45.68,78.77,116.86,94.77,124.25,83.45,36.1,2.32,166.95,1
223.49,159.77,29.62,39.16,100.44,112.39,70.35,80.49,102.92,36.17,2.0,165.63,0
177.21,125.86,16.6,41.43,125.08,98.98,99.65,91.21,73.32,29.72,2.33,121.82,0
261.49,153.92,26.97,49.47,105.92,110.99,89.68,77.84,79.53,45.97,2.99,149.3,0
189.11,132.7,28.14,54.18,99.65,107.58,96.99,82.1,91.63,37.58,2.83,160.89,0
200.85,211.88,27.81,55.24,87.09,90.28,76.61,79.03,69.34,33.64,1.57,129.69,0
144.44,194.83,27.68,35.94,87.97,105.37,91.58,82.0,80.16,42.17,2.77,129.62,0
201.8,181.08,8.21,36.41,100.03,96.91,91.03,95.73,83.49,29.39,2.19,120.79,0
266.38,142.1,24.7,64.82,97.54,87.97,89.88,93.64,79.54,40.03,2.42,112.81,0
157.8,177.4,27.47,70.32,114.46,85.19,102.55,76.51,84.68,35.63,2.7,148.68,0
174.65,165.58,36.62,45.22,101.75,86.03,102.43,84.51,84.83,39.3,2.67,154.75,0
224.32,172.58,11.52,57.24,102.42,99.03,100.02,62.58,86.28,38.55,2.21,126.56,0
239.94,165.8,15.24,69.6,84.29,94.61,88.2,84.33,75.56,38.56,2.57,166.17,0
173.29,158.47,13.8,58.74,102.57,104.68,93.99,70.71,86.55,29.16,3.03,143.96,0
181.66,173.83,30.87,69.29,116.46,110.94,89.55,81.16,77.98,37.05,1.84,156.51,0
178.71,165.58,16.04,64.84,112.14,70.67,104.44,63.8,80.72,35.68,1.79,154.3,0
223.8,178.99,22.88,52.09,143.91,92.94,94.22,85.4,80.73,37.09,2.39,165.66,0
203.5,170.93,26.63,19.46,111.29,101.05,127.98,105.44,99.25,50.25,2.59,170.41,1
213.81,165.24,16.41,86.27,123.69,92.15,101.07,92.3,99.68,37.0,2.21,162.11,0
208.63,161.05,23.44,55.99,120.12,125.78,104.61,89.37,80.94,34.62,3.08,146.25,1
153.87,154.6,26.2,70.15,99.08,112.21,96.88,91.94,95.79,39.42,2.0,150.92,0
212.61,152.07,24.71,67.05,101.23,106.64,70.48,77.24,95.88,36.04,2.33,137.04,0
189.48,212.27,33.28,46.54,106.75,134.56,98.39,98.69,96.99,46.61,3.54,132.89,1
261.26,165.08,18.57,61.42,94.2,79.57,76.78,95.22,75.97,37.97,3.17,152.07,0
208.99,152.52,25.54,69.29,106.73,94.39,86.22,91.15,71.46,25.92,1.69,146.87,0
188.35,151.37,12.34,55.11,116.24,115.94,88.82,93.16,74.23,33.09,2.3,147.19,0
174.97,184.75,36.77,56.61,90.58,95.88,88.0,80.45,96.02,39.05,2.87,180.85,0
151.52,145.09,18.87,59.92,110.87,103.58,113.67,87.1,86.69,29.21,2.55,137.22,0
252.48,150.33,52.18,35.86,145.49,72.6,89.46,95.23,93.86,33.26,4.15,111.26,1
188.0,136.49,14.28,42.23,101.54,90.43,89.78,102.83,87.63,37.05,2.33,132.74,0
188.11,112.75,37.93,40.07,96.74,87.42,94.92,74.44,76.81,34.92,1.82,140.5,0
205.27,181.9,34.84,54.68,107.78,94.1,78.47,84.69,64.15,40.73,2.45,155.87,0
192.21,152.49,16.45,81.5,114.34,92.42,92.98,85.13,71.55,34.14,2.69,171.09,0
164.01,139.1,47.04,42.92,105.38,85.15,82.8,67.06,77.84,33.39,2.65,134.04,0
248.26,132.7,21.86,43.43,98.15,103.44,98.73,91.1,80.27,32.82,2.8,153.86,0
199.33,164.64,23.02,46.58,103.12,77.79,78.69,74.5,95.11,37.92,2.5,160.34,0
217.12,167.15,23.87,49.69,95.91,87.53,81.59,74.41,92.23,38.32,2.43,132.85,0
249.22,158.26,19.51,65.35,86.93,97.31,82.62,48.99,76.43,25.6,3.25,137.98,0
192.89,182.97,29.15,75.39,101.99,85.11,89.49,86.26,56.45,36.65,2.51,152.33,0
206.56,172.5,33.95,35.86,95.87,108.88,88.44,78.63,79.02,43.32,1.6,137.74,0
228.5,156.87,37.28,54.45,106.52,115.31,97.98,78.6,60.83,38.23,2.66,134.4,0
227.99,206.72,20.72,70.4,116.55,96.67,100.95,85.44,69.95,26.22,2.81,147.58,0
217.71,147.6,22.57,46.92,110.47,105.28,78.23,79.45,88.48,32.45,2.59,150.63,0
211.37,162.69,30.69,42.15,94.55,91.55,66.33,74.02,65.85,37.65,2.64,136.36,0
210.92,145.38,29.74,67.57,98.8,103.14,95.57,86.26,83.19,26.47,2.48,155.18,0
176.57,158.02,25.68,64.89,100.66,79.96,97.47,86.65,76.73,40.79,2.92,193.31,0
212.88,168.76,27.61,56.24,99.12,88.8,86.16,99.47,83.35,29.56,1.99,181.16,0
168.72,161.11,35.81,75.45,106.76,110.63,76.68,104.19,80.81,41.33,2.7,167.53,0
175.72,137.59,10.43,60.86,100.95,106.23,98.13,100.43,77.41,38.15,2.44,139.06,0
195.45,147.96,22.72,65.48,96.43,96.33,87.07,88.14,84.34,42.0,3.25,164.54,0
237.19,153.93,30.1,48.78,99.62,104.95,93.46,97.5,81.24,35.44,2.52,162.74,0
213.73,153.84,23.41,41.07,81.5,95.68,96.95,88.01,74.86,34.41,2.91,138.95,0
198.06,135.36,15.49,30.59,98.4,108.22,108.71,87.09,69.28,39.15,2.36,121.82,0
170.96,146.86,16.49,68.89,102.05,92.07,106.08,79.71,67.98,42.27,2.46,160.04,0
214.18,183.63,21.61,13.91,84.53,86.97,87.53,93.51,97.49,41.35,2.85,135.96,0
230.88,84.81,26.68,42.73,106.86,92.78,84.22,102.28,64.52,32.01,2.62,152.41,0
